nbEmptyDocks,lastCommWithServer,locked,name,installDate,nbBikes,id,long,installed,terminalName,latestUpdateTime,lat,temporary,removalDate,public
7,1389028969225,false,20th & Bell St,1316059200000,4,1,-77.0512,true,31000,1388901373094,38.8561,false,,true
4,1389028881502,false,18th & Eads St.,1284989400000,7,2,-77.05332,true,31001,1389021412329,38.85725,false,,true
9,1389028946526,false,20th & Crystal Dr,1284464580000,6,3,-77.0492,true,31002,1389026654157,38.8564,false,,true
4,1389028936386,false,15th & Crystal Dr,1284464880000,7,4,-77.049593,true,31003,1389025797815,38.86017,false,,true
4,1389028863320,false,Aurora Hills Community Ctr/18th & Hayes St,1284464880000,7,5,-77.05949,true,31004,1389020533487,38.857866,false,,true
9,1389028782106,false,12th & Hayes St /  Pentagon City Metro,1284464940000,10,6,-77.059936,true,31005,1389019670225,38.862303,false,,true
4,1389028758591,false,S Joyce & Army Navy Dr,1284464940000,7,7,-77.0633,true,31006,1389020235018,38.8637,false,,true
2,1389028891827,false,Crystal City Metro / 18th & Bell St,1284465000000,17,8,-77.0511,true,31007,1389024996529,38.8573,false,,true
7,1389028911785,false,12th & Army Navy Dr,1284465000000,4,9,-77.0528,true,31008,1389024798814,38.8629,false,,true
12,1389028802293,false,27th & Crystal Dr,1284465060000,7,10,-77.051516,true,31009,1389017730875,38.848441,false,,true
3,1389028854774,false,S Glebe & Potomac Ave,1284465120000,8,11,-77.0502,true,31010,1389025262805,38.8426,false,,true
9,1389028821933,false,23rd & Crystal Dr,1284465120000,8,12,-77.0498,true,31011,1389017077734,38.8533,false,,true
6,1389028795311,false,26th & S Clark St,1284465300000,5,13,-77.05152,true,31012,1389025016651,38.850688,false,,true
8,1389028936689,false,19th St & Pennsylvania Ave NW,1284465360000,6,14,-77.0429,true,31100,1389026960303,38.9003,false,,true
20,1389028784600,false,14th & V St NW,1284465420000,7,15,-77.0321,true,31101,1389027817627,38.9176,false,,true
19,1389028926983,false,11th & Kenyon St NW,1286539080000,7,16,-77.027822,true,31102,1389028683794,38.929464,false,,true
17,1389028794880,false,16th & Harvard St NW,1284465480000,16,17,-77.036536,true,31103,1389028792909,38.926088,false,,true
6,1389028986503,false,Adams Mill & Columbia Rd NW,1284465540000,9,18,-77.042581,true,31104,1389028744321,38.922925,false,,true
12,1389028959705,false,14th & Harvard St NW,1284465540000,7,19,-77.0322,true,31105,1389025038878,38.9268,false,,true
6,1389028842998,false,Calvert & Biltmore St NW,1284465600000,17,20,-77.047637,true,31106,1389024683028,38.923203,false,,true
10,1389028777140,false,Lamont & Mt Pleasant NW,1284465600000,7,21,-77.0388,true,31107,1389024419068,38.9319,false,,true
15,1389028842449,false,4th & M St SW,1284465660000,8,22,-77.0178,true,31108,1389028322767,38.8767,false,,true
10,1389028887804,false,15th & P St NW,1284465660000,9,23,-77.034438,true,31201,1389028886554,38.90985,false,,true
11,1389028984564,false,14th & R St NW,1284465720000,4,24,-77.031681,true,31202,1389028983696,38.912682,false,,true
16,1389028881013,false,14th & Rhode Island Ave NW,1284465780000,7,25,-77.0323,true,31203,1389028636032,38.9086,false,,true
3,1389028931987,false,20th & E St NW,1284465840000,12,26,-77.045,true,31204,1389027000999,38.8963,false,,true
17,1389028889412,false,21st & I St NW,1283861040000,18,27,-77.047,true,31205,1389028557315,38.9008,false,,true
11,1389028841964,false,Georgia & New Hampshire Ave NW,1284465900000,4,28,-77.024649,true,31400,1389027392012,38.936043,false,,true
9,1389028754379,false,14th St & Spring Rd NW,1284465960000,2,29,-77.0328,true,31401,1389028269431,38.9375,false,,true
6,1389028835925,false,John McCormack Dr & Michigan Ave NE,1284465960000,5,30,-76.9955,true,31502,1389018700942,38.9346,false,,true
15,1389028988086,false,5th & K St NW,1284466020000,4,31,-77.019027,true,31600,1389028986290,38.90304,false,,true
8,1389028822440,false,19th & East Capitol St SE,1284466020000,7,32,-76.9769,true,31601,1389027131466,38.8896,false,,true
15,1389028777782,false,Park Rd & Holmead Pl NW,1284466080000,4,33,-77.0315,true,31602,1389026012764,38.9308,false,,true
6,1389028924734,false,Good Hope & Naylor Rd SE,1284466140000,5,34,-76.9672,true,31700,1389013690212,38.8601,false,,true
5,1389028918541,false,Connecticut Ave & Newark St NW / Cleveland Park,1289241840000,6,35,-77.057979,true,31305,1389025372665,38.934267,false,,true
5,1389028766968,false,Randle Circle & Minnesota Ave SE,1284466200000,6,36,-76.9607,true,31702,1388987869510,38.878,false,,true
6,1389028879871,false,Minnesota Ave Metro/DOES,1284466200000,5,37,-76.947446,true,31703,1388987874699,38.897063,false,,true
5,1389028791455,false,Nannie Helen Burroughs & Minnesota Ave NE,1386766320000,6,38,-76.941877,true,31704,1388987869923,38.901385,false,1298396940000,true
6,1389028963189,false,Anacostia Metro,1284466260000,5,39,-76.994637,true,31801,1389024345972,38.862669,false,,true
2,1389028933383,false,Good Hope Rd & MLK Ave SE,1305288720000,9,40,-76.988039,true,31802,1389027484471,38.867373,false,,true
4,1389028757587,false,19th & E Street NW,1284545040000,7,41,-77.0436,true,31206,1389019140306,38.8952,false,,true
4,1389028805369,false,4th St & Rhode Island Ave NE,1289970000000,7,42,-77.000624,true,31500,1389024134535,38.919488,false,,true
8,1389028913804,false,10th & U St NW,1285822380000,7,43,-77.0259,true,31111,1389028188538,38.9172,false,,true
9,1389028983894,false,Georgia Ave and Fairmont St NW,1285041600000,2,44,-77.0222,true,31207,1389028742050,38.9249,false,,true
19,1389028803973,false,1st & N St  SE,1285041600000,4,45,-77.0057,true,31209,1389017348159,38.8743,false,,true
7,1389028989824,false,20th St & Florida Ave NW,1285217520000,8,46,-77.0446,true,31110,1389028988530,38.9154,false,,true
11,1389028973194,false,7th & T St NW,1285735680000,4,47,-77.0222,true,31109,1389026443690,38.9155,false,,true
7,1389028961325,false,23rd & Eads St,1287562620000,4,48,-77.053535,true,31013,1389017749185,38.853613,false,,true
7,1389028765990,false,M St & New Jersey Ave SE,1285041600000,10,49,-77.0037,true,31208,1389024939896,38.8763,false,,true
17,1389028776566,false,Massachusetts Ave & Dupont Circle NW,1284523200000,27,51,-77.0444,true,31200,1389028775008,38.9101,false,,true
5,1389028888140,false,1st & M St NE,1287115200000,10,52,-77.0056,true,31603,1389028161575,38.9057,false,,true
1,1389028963339,false,21st & M St NW,1285041600000,18,53,-77.046774,true,31212,1389027754473,38.90534,false,,true
9,1389028977372,false,17th & K St NW,1306236960000,7,54,-77.03863,true,31213,1389028493390,38.90276,false,,true
10,1389028893578,false,4th St & Massachusetts Ave NW,1287028800000,5,55,-77.016,true,31604,1389027684786,38.9003,false,,true
4,1389028799943,false,3rd & D St SE,1287201600000,7,56,-77.0023,true,31605,1389020076040,38.8851,false,,true
9,1389028841814,false,Potomac & Pennsylvania Ave SE,1287460800000,6,57,-76.9862,true,31606,1389026367374,38.8803,false,,true
9,1389028754387,false,14th & D St SE,1287374400000,6,58,-76.9861,true,31607,1389024523194,38.884,false,,true
10,1389028979250,false,17th & Corcoran St NW,1294078980000,9,59,-77.0387,true,31214,1389028254190,38.9121,false,,true
1,1389028832470,false,Van Ness Metro / UDC,1289624400000,14,60,-77.063896,true,31300,1389026882932,38.944551,false,,true
12,1389028759371,false,Florida Ave & R St NW,1290056400000,3,61,-77.0135,true,31503,1389028758650,38.9126,false,,true
11,1389028870740,false,8th & Eye St SE / Barracks Row,1287374400000,0,62,-76.9953,true,31608,1389026939398,38.8792,false,,true
3,1389028902548,false,Ward Circle / American University,1289538000000,12,63,-77.087171,true,31301,1389026498460,38.938736,false,,true
3,1389028821091,false,Idaho Ave & Newark St NW [on 2nd District patio],1289970000000,11,64,-77.074647,true,31302,1389025153611,38.934751,false,,true
7,1389028842414,false,14th St Heights / 14th & Crittenden St NW,1289970000000,4,65,-77.032818,true,31402,1389017450827,38.947774,false,,true
3,1389028934444,false,Anacostia Library,1288584000000,8,66,-76.9784,true,31804,1388901379519,38.865784,false,,true
7,1389028843181,false,Pennsylvania & Minnesota Ave SE,1288584000000,4,67,-76.971015,true,31805,1388987873841,38.873057,false,,true
10,1389028818047,false,Eastern Market / 7th & North Carolina Ave SE,1282363200000,5,68,-76.996806,true,31610,1389024720199,38.886952,false,,true
8,1389028960891,false,McPherson Square / 14th & H St NW,1284436800000,10,69,-77.032005,true,31216,1389028960338,38.899641,false,,true
5,1389028928480,false,Benning Branch Library,1288584000000,6,70,-76.947974,true,31705,1388987879200,38.894,false,,true
14,1389028906581,false,USDA / 12th & Independence Ave SW,1286297580000,25,71,-77.028226,true,31217,1389028325296,38.887237,false,,true
6,1389028872761,false,Georgetown Harbor / 30th St NW,1286300580000,13,72,-77.059219,true,31215,1389024281830,38.9022212,false,,true
9,1389028941710,false,12th & Newton St NE,1286306220000,2,73,-76.991016,true,31501,1389021708720,38.933668,false,,true
6,1389028973107,false,US Dept of State / Virginia Ave & 21st St NW,1286661900000,9,74,-77.046587,true,31220,1389020241041,38.894919,false,,true
8,1389028905000,false,L'Enfant Plaza / 7th & C St SW,1286410980000,7,75,-77.022241,true,31218,1389026765761,38.886266,false,,true
22,1389028866853,false,10th St & Constitution Ave NW,1286497620000,9,76,-77.026013,true,31219,1389023595186,38.893028,false,,true
1,1389028986741,false,Kennedy Center,1286325060000,10,77,-77.054845,true,31211,1389027296208,38.895184,false,,true
14,1389028905764,false,Eastern Market Metro / Pennsylvania Ave & 7th St SE,1286411820000,5,78,-76.995397,true,31613,1389028662946,38.884,false,,true
3,1389028964277,false,18th & M St NW,1286458140000,16,79,-77.041606,true,31221,1389028480267,38.904742,false,,true
4,1389028938760,false,Tenleytown / Wisconsin Ave & Albemarle St NW,1287150300000,11,80,-77.079382,true,31303,1389019456701,38.947607,false,,true
15,1389028776770,false,13th & H St NE,1286547000000,12,81,-76.9882,true,31611,1389025353497,38.9003,false,,true
23,1389028760048,false,5th & F St NW,1286492280000,8,82,-77.019347,true,31620,1389027069326,38.897222,false,,true
7,1389028924284,false,New York Ave & 15th St NW,1286631960000,6,83,-77.0337,true,31222,1389028439967,38.8991,false,,true
18,1389028900526,false,Convention Center / 7th & M St NW,1286631960000,1,84,-77.022264,true,31223,1389027451368,38.90572,false,,true
4,1389028781313,false,Harvard St & Adams Mill Rd NW,1294164840000,11,85,-77.043358,true,31112,1389028296058,38.927872,false,,true
1,1389028965010,false,19th & L St NW,1287182880000,13,86,-77.043648,true,31224,1389027756971,38.903407,false,,true
9,1389028916628,false,C & O Canal & Wisconsin Ave NW,1287460800000,14,87,-77.06269,true,31225,1389027467642,38.90375,false,,true
11,1389028802593,false,7th & Water St SW / SW Waterfront,1287720000000,8,88,-77.024016,true,31609,1389028077784,38.878925,false,,true
14,1389028810269,false,D St & Maryland Ave NE,1330094460000,9,89,-76.997114,true,31612,1389024444090,38.894758,false,,true
5,1389028766693,false,34th St & Wisconsin Ave NW,1287182760000,6,90,-77.0682,true,31226,1389018364202,38.916442,false,,true
9,1389028990106,false,13th St & New York Ave NW,1287416880000,14,91,-77.029822,true,31227,1389027822896,38.900283,false,,true
17,1389028899122,false,8th & H St NW,1287115200000,16,92,-77.023086,true,31228,1389027771639,38.8997,false,,true
9,1389028867450,false,10th & Monroe St NE,1287096120000,2,93,-76.992889,true,31504,1389027161455,38.932514,false,,true
7,1389028832238,false,Eckington Pl & Q St NE,1287096120000,4,94,-77.00495,true,31505,1389024342738,38.910972,false,,true
14,1389028769841,false,6th & H St NE,1323696720000,9,95,-76.99831,true,31615,1389024324351,38.900384,false,,true
11,1389028984281,false,3rd & H St NE,1287096060000,8,96,-77.001949,true,31616,1389021101747,38.900412,false,,true
12,1389028949823,false,Bladensburg Rd & Benning Rd NE,1288200360000,3,97,-76.982872,true,31617,1389017296364,38.900413,false,,true
6,1389028937022,false,4th & East Capitol St NE,1287028800000,5,98,-77.000349,true,31618,1389028936352,38.889955,false,,true
14,1389028937993,false,Lincoln Park / 13th & East Capitol St NE ,1288038900000,10,99,-76.988355,true,31619,1389028937470,38.890461,false,,true
7,1389028959665,false,Branch & Pennsylvania Ave SE,1309008600000,4,100,-76.9599,true,31701,1388987865112,38.8692,false,,true
18,1389028890051,false,13th & D St NE,1288114080000,13,101,-76.987633,true,31622,1389018861957,38.894832,false,,true
11,1389028871931,false,New Hampshire Ave & T St NW,1287178020000,12,102,-77.03818,true,31229,1389028629769,38.91554,false,,true
6,1389028865306,false,Metro Center / 12th & G St NW,1305259200000,25,103,-77.027869,true,31230,1389028622870,38.898364,false,,true
7,1389028837291,false,14th & D St NW / Ronald Reagan Building,1303306260000,12,104,-77.031617,true,31231,1389028594185,38.894514,false,,true
14,1389028851207,false,7th & F St NW / National Portrait Gallery,1304108940000,5,105,-77.022322,true,31232,1389027884337,38.897324,false,,true
11,1389028928551,false,17th & K St NW / Farragut Square,1304022480000,13,106,-77.038322,true,31233,1389028686632,38.902061,false,,true
8,1389028805590,false,20th & O St NW / Dupont South,1328850000000,11,107,-77.04478,true,31234,1389028416181,38.908905,false,,true
8,1389028760803,false,4th & D St NW / Judiciary Square,1304481600000,7,108,-77.016106,true,31621,1389026500241,38.895344,false,,true
19,1389028882830,false,19th St & Constitution Ave NW,1287607080000,16,109,-77.0436,true,31235,1389026950045,38.8923,false,,true
10,1389028849932,false,37th & O St NW / Georgetown University,1288037580000,13,110,-77.071652,true,31236,1389026325468,38.90774,false,,true
12,1389028796511,false,11th & H St NE,1323666000000,4,111,-76.991383,true,31614,1389028553778,38.899983,false,,true
4,1389028829466,false,25th St & Pennsylvania Ave NW,1288551000000,11,112,-77.053485,true,31237,1389027692585,38.903827,false,,true
10,1389028858743,false,Columbus Circle / Union Station,1285905600000,21,113,-77.00493,true,31623,1389027408747,38.89696,false,,true
5,1389028885959,false,North Capitol St & F St NW,1288122720000,18,114,-77.009888,true,31624,1389028642750,38.897446,false,,true
14,1389028964530,false,11th & M St NW,1364995680000,5,115,-77.027137,true,31266,1389020774857,38.905607,false,,true
4,1389028903757,false,36th & Calvert St NW / Glover Park,1289236620000,11,116,-77.070334,true,31304,1389020758069,38.922581,false,,true
13,1389028977254,false,14th & G St NW,1289237340000,10,117,-77.031823,true,31238,1389028422218,38.898069,false,,true
13,1389028839475,false,Potomac Ave & 35th St S,1351092960000,10,118,-77.050537,true,31052,1389026950500,38.844015,false,,true
19,1389028811206,false,Ohio Dr & West Basin Dr SW / MLK & FDR Memorials,1331904960000,4,124,-77.04657,true,31240,1389028281154,38.88412,false,,true
3,1389028987847,false,11th & F St NW,1359981840000,9,125,-77.026975,true,31262,1389027919317,38.897857,true,,true
10,1389028848976,false,23rd & E St NW ,1359652440000,9,126,-77.049882,true,31260,1389025589078,38.896104,false,,true
13,1389028758558,false,Lynn & 19th St North,1302957060000,6,127,-77.070993,true,31014,1389018583878,38.897315,false,,true
9,1389028875640,false,Rosslyn Metro / Wilson Blvd & Ft Myer Dr,1302957120000,6,128,-77.072305,true,31015,1389022640035,38.8946,false,,true
3,1389028898283,false,Clarendon Blvd & Pierce St,1302957960000,8,129,-77.076701,true,31016,1389016881312,38.893648,false,,true
7,1389028960854,false,Court House Metro / Wilson Blvd & N Uhle St,1320933600000,8,130,-77.0846,true,31017,1389023350891,38.891696,false,,true
3,1389028793273,false,N Rhodes & 16th St N,1302963480000,8,131,-77.079375,true,31018,1389028309008,38.892164,false,,true
7,1389028803196,false,Fairfax Village,1311771600000,8,132,-76.952103,true,31706,1388987868277,38.86559,false,,true
2,1389028966329,false,21st St & Constitution Ave NW,1359639120000,13,133,-77.046567,true,31261,1389019647103,38.892459,false,,true
8,1389028774006,false,Wilson Blvd & N Edgewood St,1321015980000,7,134,-77.0925,true,31019,1388968605061,38.889,false,,true
14,1389028842947,false,Columbia Rd & Belmont St NW,1321625100000,5,135,-77.04368,true,31113,1389028600553,38.920669,false,,true
8,1389028905775,false,17th & Rhode Island Ave NW,1321639800000,14,136,-77.038785,true,31239,1389028663211,38.906602,false,,true
13,1389028886373,false,Thomas Circle,1321714320000,15,137,-77.0325,true,31241,1389027919928,38.9059,false,,true
7,1389028756436,false,Wilson Blvd & Franklin Rd,1322715600000,4,138,-77.0889,true,31020,1389028030620,38.8904,false,,true
7,1389028906166,false,Clarendon Blvd & N Fillmore St,1321981080000,8,139,-77.09308,true,31021,1388987867993,38.8881,false,,true
10,1389028811727,false,Clarendon Metro / Wilson Blvd & N Highland St,1321983480000,7,140,-77.094875,true,31022,1389009149597,38.88786,false,,true
3,1389028874173,false,18th St & Pennsylvania Ave NW,1322571600000,12,141,-77.041539,true,31242,1389028389859,38.89968,false,,true
25,1389028971788,false,Maryland & Independence Ave SW,1327669020000,14,142,-77.018939,true,31243,1389028004548,38.887299,false,,true
12,1389028851518,false,4th & E St SW,1322756880000,7,143,-77.017445,true,31244,1389025250755,38.88412,false,,true
16,1389028812560,false,3rd & G St SE,1322661660000,3,144,-77.001828,true,31625,1389024362576,38.881185,false,,true
13,1389028908430,false,7th & R St NW / Shaw Library,1322583120000,2,145,-77.022155,true,31245,1389026734924,38.912719,false,,true
8,1389028829778,false,9th & Upshur St NW,1323194880000,7,146,-77.0251,true,31404,1389022916515,38.9418,false,,true
9,1389028760952,false,1st & Rhode Island Ave NW,1323178380000,6,147,-77.012289,true,31506,1389028035891,38.915417,false,,true
9,1389028773042,false,Columbia Rd & Georgia Ave NW,1323234000000,10,148,-77.02344,true,31115,1389018969239,38.928156,false,,true
13,1389028868624,false,California St & Florida Ave NW,1323752400000,5,149,-77.04062,true,31116,1389027794087,38.917761,false,,true
10,1389028850765,false,Benning Rd & East Capitol St NE / Benning Rd Metro,1324404360000,9,150,-76.93723,true,31707,1389004296184,38.889935,false,,true
2,1389028915123,false,3000 Connecticut Ave NW / National Zoo,1324496640000,13,151,-77.055599,true,31307,1389026669697,38.930282,false,,true
7,1389028873076,false,Anacostia Ave & Benning Rd NE / River Terrace ,1324402320000,8,152,-76.96012,true,31708,1388901383938,38.896544,false,,true
16,1389028798881,false,M St & Pennsylvania Ave NW,1324485480000,3,153,-77.056887,true,31246,1389021377989,38.905126,false,,true
9,1389028797828,false,15th St & Massachusetts Ave SE,1324565040000,6,154,-76.983569,true,31626,1389026142585,38.88732,false,,true
12,1389028892616,false,Congress Heights Metro,1324581180000,3,155,-76.987823,true,31806,1389017700196,38.844711,false,,true
4,1389028759524,false,N Quincy St & Glebe Rd,1335552600000,7,156,-77.107735,true,31035,1389016164089,38.876393,false,,true
6,1389028829165,false,Wilson Blvd & N Oakland St,1335387720000,5,157,-77.10396,true,31033,1389017853941,38.8815,false,,true
8,1389028951894,false,N Veitch  & 20th St N,1335213360000,7,158,-77.086502,true,31029,1389020705623,38.896923,false,,true
18,1389028969586,false,11th & K St NW,1360936140000,1,159,-77.02674,true,31263,1389028486025,38.90268,false,,true
5,1389028850666,false,Fairfax Dr & Wilson Blvd,1335545880000,5,160,-77.097745,true,31023,1389026125278,38.885801,false,,true
3,1389028767163,false,Key Blvd & N Quinn St,1335195480000,8,161,-77.078107,true,31027,1389015366160,38.896015,false,,true
3,1389028783970,false,1st & K St SE,1328717220000,12,162,-77.006004,true,31628,1389024673260,38.87861,false,,true
7,1389028778936,false,39th & Calvert St NW / Stoddert,1328898300000,12,163,-77.077271,true,31306,1389027971086,38.922649,false,,true
4,1389028841853,false,1st & Washington Hospital Center NW,1329153540000,11,164,-77.012457,true,31507,1389019232280,38.928743,false,,true
6,1389028804944,false,Virginia Square Metro / N Monroe St & 9th St N,1329508980000,13,165,-77.103148,true,31024,1389027197443,38.882788,false,,true
6,1389028913463,false,Central Library / N Quincy St & 10th St N,1329493920000,5,166,-77.10783,true,31025,1388987872006,38.88397,false,,true
4,1389028801906,false,Washington Blvd & 10th St N,1329944340000,11,167,-77.093485,true,31026,1388952342299,38.884734,false,,true
19,1389028942571,false,Jefferson Dr & 14th St SW,1331911860000,4,168,-77.032429,true,31247,1389025122292,38.888553,false,,true
10,1389028931642,false,Smithsonian / Jefferson Dr & 12th St SW,1333369620000,13,169,-77.02858,true,31248,1389024181665,38.888767,false,,true
6,1389028884752,false,George Mason Dr & Wilson Blvd,1335805380000,9,170,-77.1207,true,31036,1389013588929,38.87887,false,,true
9,1389028790241,false,6th St & Indiana Ave NW,1364990040000,10,171,-77.01994,true,31264,1389028064801,38.894573,false,,true
6,1389028983757,false,N Veitch & Key Blvd,1335202980000,5,172,-77.086045,true,31028,1389028982856,38.893241,false,,true
3,1389028896976,false,N Adams St & Lee Hwy,1335369060000,12,173,-77.089006,true,31030,1389028171511,38.89593,false,,true
2,1389028780815,false,15th & N Scott St,1335362100000,9,174,-77.08095,true,31031,1389027572656,38.89054,false,,true
4,1389028773944,false,Washington Blvd & 7th St N,1335794400000,7,175,-77.091129,true,31032,1389013555515,38.880834,false,,true
12,1389028964286,false,Ballston Metro / N Stuart & 9th St N,1335817440000,7,176,-77.111768,true,31037,1389026965233,38.881044,false,,true
6,1389028815223,false,N Randolph St & Fairfax Dr,1335542580000,5,177,-77.109366,true,31034,1388963013930,38.882629,false,,true
17,1389028893567,false,Jefferson Memorial,1335969180000,6,178,-77.037413,true,31249,1389016077050,38.879819,false,,true
7,1389028816366,false,Good Hope Rd & 14th St SE,1335981060000,8,179,-76.985238,true,31803,1389013458980,38.866611,false,,true
4,1389028856147,false,Glebe Rd & 11th St N,1337269200000,7,180,-77.116817,true,31038,1389027164667,38.883921,false,,true
6,1389028888382,false,N Quincy St & Wilson Blvd,1338301620000,5,181,-77.107673,true,31039,1389016844780,38.880151,false,,true
6,1389028804125,false,Fairfax Dr & Kenmore St,1366814880000,5,182,-77.10108,true,31040,1389013864371,38.884616,false,,true
10,1389028948683,false,Gallaudet / 8th St & Florida Ave NE,1342033620000,9,183,-76.9941,true,31508,1389024148712,38.90509,false,,true
7,1389028820034,false,20th & L St NW,1340632500000,12,185,-77.044789,true,31250,1389027781757,38.903584,false,,true
13,1389028770541,false,12th & L St NW,1340639640000,5,186,-77.0284,true,31251,1389023468369,38.903819,false,,true
8,1389028944512,false,21st St & Pennsylvania Ave NW,1340811180000,11,187,-77.046564,true,31252,1389028943957,38.901539,false,,true
8,1389028895037,false,19th & K St NW,1340801880000,13,188,-77.04337,true,31253,1389018699387,38.902204,false,,true
10,1389028815425,false,Prince St & Union St,1346070420000,9,189,-77.040363,true,31041,1388953451829,38.803124,false,,true
2,1389028789587,false,Market Square / King St & Royal St,1346077680000,13,190,-77.043363,true,31042,1389024016440,38.804718,false,,true
8,1389028765317,false,Saint Asaph St & Pendleton  St,1346084880000,7,191,-77.044664,true,31043,1388949680170,38.810743,false,,true
9,1389028992143,false,King St & Patrick St,1346442900000,6,192,-77.049883,true,31044,1389018238987,38.805317,false,,true
3,1389028975039,false,15th & K St NW,1341232920000,16,193,-77.03353,true,31254,1389028967407,38.902,false,,true
6,1389028848344,false,Commerce St & Fayette St,1346442960000,9,194,-77.05293,true,31045,1389025467568,38.805648,false,,true
13,1389028784714,false,Henry St & Pendleton St,1346442960000,4,195,-77.050276,true,31046,1388901395593,38.811456,false,,true
5,1389028757257,false,Braddock Rd Metro,1346442960000,14,196,-77.052808,true,31047,1389024142366,38.814577,false,,true
13,1389028918947,false,King St Metro,1346443020000,6,197,-77.06072,true,31048,1389025286115,38.805767,false,,true
7,1389028757613,false,24th & N St NW,1341575340000,8,198,-77.05152,true,31255,1389028514323,38.9066,false,,true
5,1389028924147,false,10th & E St NW,1342109700000,10,199,-77.026064,true,31256,1389028122536,38.895914,false,,true
12,1389028780371,false,22nd & I St NW / Foggy Bottom,1342442220000,3,200,-77.048911,true,31257,1389028297261,38.90088,false,,true
5,1389028938722,false,Utah St & 11th St N ,1342539420000,6,201,-77.113905,true,31049,1388975789591,38.883669,false,,true
5,1389028990219,false,Barton St & 10th St N,1346771820000,6,202,-77.08777,true,31050,1388950649829,38.884961,false,,true
6,1389028902560,false,Arlington Blvd & N Queen St,1346776740000,5,203,-77.077294,true,31051,1389016520971,38.889365,false,,true
22,1389028840327,false,Lincoln Memorial,1349268360000,3,204,-77.049426,true,31258,1389028597788,38.888251,false,,true
5,1389028951609,false,20th St & Virginia Ave NW,1359646980000,10,206,-77.045128,true,31259,1389020124414,38.894722,false,,true
13,1389028937763,false,5th St & Massachusetts Ave NW,1367842440000,6,207,-77.018677,true,31265,1389026576525,38.90093,false,,true
4,1389028918348,false,39th & Veazey St NW,1360598160000,10,208,-77.077078,true,31308,1389024140477,38.943837,false,,true
5,1389028926278,false,Fessenden St & Wisconsin Ave NW,1360588560000,9,209,-77.082426,true,31309,1389025059484,38.954812,false,,true
9,1389028927780,false,M St & Delaware Ave NE,1360929900000,14,210,-77.003041,true,31627,1389019304968,38.905707,false,,true
7,1389028927042,false,Columbia Pike & S Courthouse Rd,1364482620000,8,211,-77.080319,true,31053,1388987867703,38.863833,false,,true
8,1389028875894,false,Walter Reed Community Center / Walter Reed Dr & 16th St S,1364466180000,3,212,-77.086733,true,31054,1389010104040,38.857803,false,,true
6,1389028773322,false,28th St S & S Meade St,1364476320000,9,213,-77.069275,true,31055,1388955764728,38.846222,false,,true
15,1389028926689,false,18th St & Wyoming Ave NW,1365003300000,8,214,-77.041571,true,31114,1389028337892,38.918809,false,,true
8,1389028762923,false,5th & Kennedy St NW,1365777420000,7,215,-77.019815,true,31403,1389017337547,38.956595,false,,true
5,1389028773304,false,Georgia Ave & Emerson St NW,1365783540000,14,216,-77.027333,true,31405,1388962498790,38.949662,false,,true
8,1389028962594,false,14th & Upshur St NW,1365794820000,11,217,-77.032652,true,31406,1389023565872,38.942016,false,,true
10,1389028870060,false,14th St & Colorado Ave NW,1365798900000,9,218,-77.032947,true,31407,1389017523265,38.956432,false,,true
4,1389028925079,false,S Troy St & 26th St S,1366725840000,7,219,-77.075104,true,31056,1388934973258,38.847977,false,,true
3,1389028844140,false,S Four Mile Run Dr & S Shirlington Rd,1366729200000,8,220,-77.085931,true,31057,1388901371710,38.8444,false,,true
5,1389028980935,false,S Oakland St & Columbia Pike,1366735380000,6,221,-77.09586,true,31058,1388901376814,38.860789,false,,true
6,1389028784919,false,S Abingdon St & 36th St S,1366739700000,5,222,-77.094295,true,31059,1388987869712,38.835213,false,,true
4,1389028935382,false,S Arlington Mill Dr & Campbell Ave,1366802400000,11,223,-77.089555,true,31060,1388954705958,38.84232,false,,true
6,1389028787990,false,S Kenmore & 24th St S,1366825140000,5,224,-77.084918,true,31061,1388901387947,38.848454,false,,true
7,1389028929716,false,13th St & Eastern Ave,1380292680000,8,225,-77.029417,true,32006,1388987878387,38.987,false,,true
14,1389028886570,false,Wisconsin Ave & O St NW,1366910820000,5,226,-77.063586,true,31312,1389021484620,38.90849,false,,true
4,1389028834148,false,S George Mason Dr & 13th St S,1372694040000,7,227,-77.100555,true,31062,1388984399608,38.854691,false,,true
8,1389028859150,false,Connecticut & Nebraska Ave NW,1366894140000,15,228,-77.069956,true,31310,1389026043283,38.955016,false,,true
11,1389028765470,false,17th St & Massachusetts Ave NW,1367851920000,5,229,-77.038359,true,31267,1389028039697,38.908142,false,,true
6,1389028855705,false,15th & Euclid St  NW,1367856780000,9,230,-77.0352,true,31117,1389027889953,38.92333,false,,true
9,1389028833765,false,8th & East Capitol St NE,1368545580000,2,231,-76.995193,true,31629,1389026903299,38.889988,false,,true
11,1389028973954,false,New Jersey Ave & R St NW,1368532680000,4,232,-77.017669,true,31509,1389022570262,38.912659,false,,true
4,1389028797160,false,15th & East Capitol St NE,1368541260000,7,233,-76.983326,true,31630,1389028071991,38.889908,false,,true
9,1389028889802,false,8th & F St NE,1368552540000,5,234,-76.994749,true,31631,1389026973952,38.897274,false,,true
5,1389028970056,false,18th St & Rhode Island Ave NE,1369915500000,10,235,-76.978924,true,31510,1388901388951,38.927095,false,,true
13,1389028892329,false,15th & F St NE,1369928820000,6,236,-76.983575,true,31632,1389016567282,38.897195,false,,true
8,1389028880691,false,12th & Irving St NE,1369923120000,7,237,-76.990955,true,31511,1389024098269,38.928644,false,,true
7,1389028770565,false,34th St & Minnesota Ave SE,1370358840000,4,238,-76.957461,true,31709,1388901383923,38.884085,false,,true
7,1389028902341,false,Alabama & MLK Ave SE,1370345160000,4,239,-76.999388,true,31800,1389028901312,38.843222,false,,true
4,1389028912909,false,Pleasant St & MLK Ave SE,1370351820000,7,240,-76.990037,true,31807,1389025032903,38.863897,false,,true
8,1389028870990,false,Neal St & Trinidad Ave NE,1371221640000,6,241,-76.987211,true,31512,1389020614077,38.903732,false,,true
9,1389028764048,false,13th & U St NW,1371231240000,14,242,-77.029779,true,31268,1389024113979,38.916794,false,,true
5,1389028909076,false,S George Mason Dr & Four Mile Run,1372690500000,6,243,-77.105022,true,31063,1389024175911,38.852248,false,,true
7,1389028867280,false,S Stafford & 34th St S,1372701360000,8,244,-77.087323,true,31064,1389017034434,38.834108,false,,true
7,1389028834805,false,N Pershing Dr & Wayne St,1372680300000,4,245,-77.08596,true,31065,1389019333482,38.880705,false,,true
5,1389028796058,false,Columbia Pike & S Orme St,1372684620000,6,246,-77.072315,true,31066,1388987873799,38.867262,false,,true
9,1389028922806,false,3rd St & Pennsylvania Ave SE,1374598740000,6,247,-77.001955,true,31269,1389028437705,38.887378,false,,true
12,1389028991443,false,8th & D St NW,1374581640000,3,248,-77.02324,true,31270,1389028024116,38.894851,false,,true
11,1389028772002,false,3rd & Elm St NW,1374589740000,4,249,-77.01597,true,31118,1389027246252,38.917622,false,,true
12,1389028844142,false,Rhode Island Ave & V St NE,1375196700000,7,250,-77.004746,true,31513,1389019338969,38.918155,false,,true
9,1389028780668,false,Constitution Ave & 2nd St NW/DOL,1375190280000,18,251,-77.013917,true,31271,1389021841857,38.892275,false,,true
15,1389028814548,false,Washington & Independence Ave SW/HHS,1375445040000,9,252,-77.01397,true,31272,1389027365150,38.88731,false,,true
4,1389028836724,false,Independence Ave & L'Enfant Plaza SW/DOE,1375789680000,10,253,-77.026154,true,31633,1389024161644,38.887397,false,,true
6,1389028880645,false,Hamlin & 7th St NE,1376653440000,9,254,-76.997194,true,31514,1389013422223,38.927497,false,,true
6,1389028796998,false,Columbia Pike & S Walter Reed Dr,1377605340000,6,255,-77.086599,true,31067,1388987875778,38.862478,false,,true
5,1389028796053,false,Columbia Pike & S Dinwiddie St / Arlington Mill Community Center,1377776460000,10,256,-77.11153,true,31068,1388987867079,38.856319,false,,true
3,1389028925487,false,Pershing & N George Mason Dr,1377792000000,8,257,-77.107906,true,31069,1389026623947,38.871822,false,,true
7,1389028836862,false,Fenton St & New York Ave ,1380292620000,8,258,-77.023082,true,32001,1388901383826,38.985404,false,,true
10,1389028931195,false,Bethesda Ave & Arlington Blvd,1380292620000,4,259,-77.097426,true,32002,1389024137371,38.981103,false,,true
6,1389028967521,false,Montgomery Ave & Waverly St ,1382208480000,4,260,-77.09221,true,32003,1389018304647,38.983838,false,,true
9,1389028925849,false,Fallsgrove Blvd & Fallsgrove Dr,1380292620000,10,261,-77.192672,true,32004,1388987872653,39.096312,false,,true
9,1389028766227,false,Traville Gateway Dr & Gudelsky Dr,1380292680000,10,262,-77.202501,true,32005,1388987871805,39.093783,false,,true
6,1389028906183,false,Norfolk Ave & Fairmont St,1380292560000,4,263,-77.096539,true,32000,1389018403161,38.988562,false,,true
5,1389028942090,false,E Montgomery Ave & Maryland Ave,1380292560000,10,264,-77.151291,true,32007,1388987868179,39.084125,false,,true
5,1389028975703,false,Cordell & Norfolk Ave,1380292740000,1,265,-77.098029,true,32008,1389018271565,38.98954,false,,true
5,1389028987297,false,Frederick Ave & Horners Ln,1380292740000,6,266,-77.145213,true,32009,1389017479623,39.094772,false,,true
9,1389028923767,false,Philadelphia & Maple Ave,1380292740000,6,267,-77.011336,true,32010,1388987871445,38.98128,false,,true
9,1389028860401,false,Maple & Ritchie Ave,1380292800000,10,268,-77.006311,true,32011,1388901370812,38.983627,false,,true
7,1389028767486,false,Silver Spring Metro/Colesville Rd & Wayne Ave,1380292800000,12,269,-77.02918,true,32012,1389010555172,38.99521,false,,true
4,1389028954748,false,Montgomery & East Ln,1380292800000,7,270,-77.095367,true,32013,1389028230218,38.983525,false,,true
11,1389028800558,false,Friendship Hts Metro/Wisconsin Ave & Wisconsin Cir,1380292860000,8,271,-77.085998,true,32014,1389026630088,38.961763,false,,true
9,1389028813084,false,14th & Belmont St NW,1380719160000,5,272,-77.031887,true,31119,1389028329234,38.921074,false,,true
12,1389028883166,false,3rd & Tingey St SE,1380722700000,7,273,-77.0024,true,31634,1389018385367,38.87501,false,,true
9,1389028756229,false,10th & Florida Ave NW,1381320720000,10,274,-77.025672,true,31120,1389024551800,38.920387,false,,true
13,1389028880571,false,Potomac Ave & 8th St SE,1381333800000,2,275,-76.994468,true,31635,1389020795876,38.876737,false,,true
7,1389028776526,false,Crabbs Branch Way & Redland Rd,1382100480000,8,276,-77.156985,true,32015,1388901385256,39.120045,false,,true
7,1389028844093,false,Fallsgove Dr & W Montgomery Ave,1382120580000,8,277,-77.188014,true,32016,1388901371256,39.099376,false,,true
7,1389028859988,false,Monroe St & Monroe Pl,1383309240000,8,278,-77.149443,true,32017,1388987868615,39.083705,false,,true
8,1389028788055,false,Needwood Rd & Eagles Head Ct,1382107020000,7,279,-77.15741,true,32018,1388987867950,39.123513,false,,true
8,1389028864267,false,East West Hwy & Blair Mill Rd,1383148920000,7,280,-77.02935,true,32019,1388988641620,38.990249,false,,true
7,1389028755345,false,Crabbs Branch Way & Calhoun Pl,1382111460000,8,281,-77.152072,true,32020,1388987865076,39.107709,false,,true
6,1389028825940,false,47th & Elm St,1382208540000,5,282,-77.091991,true,32021,1389018181916,38.982456,false,,true
8,1389028784318,false,Garland Ave & Walden Rd,1383059580000,7,283,-77.00149,true,32022,1389020718603,39.000578,false,,true
11,1389028772749,false,Montgomery College/W Campus Dr & Mannakee St,1382199120000,10,284,-77.159048,true,32023,1388901372294,39.095661,false,,true
5,1389028990547,false,Fenton St & Gist Ave,1383054960000,6,285,-77.023854,true,32024,1388987876685,38.989724,false,,true
5,1389028915313,false,Carroll & Westmoreland Ave,1383065460000,10,286,-77.01121,true,32025,1389028914734,38.975,false,,true
8,1389028913267,false,Carroll & Ethan Allen Ave,1383070440000,7,287,-77.006472,true,32026,1389028670054,38.977933,false,,true
8,1389028923065,false,Battery Ln & Trolley Trail,1382712300000,6,288,-77.100104,true,32027,1389018018509,38.992375,false,,true
6,1389028777741,false,Norfolk & Rugby Ave,1382715180000,3,289,-77.100239,true,32028,1389017877704,38.990639,false,,true
7,1389028832438,false,Offutt Ln & Chevy Chase Dr,1382722080000,4,290,-77.094589,true,32029,1389028831508,38.977093,false,,true
7,1389028765540,false,Broschart & Blackwell Rd,1382798640000,8,291,-77.200322,true,32030,1388951990500,39.102099,false,,true
6,1389028855797,false,Taft St & E Gude Dr,1382804520000,9,292,-77.132954,true,32031,1389024184851,39.094103,false,,true
7,1389028901686,false,Fleet St & Ritchie Pkwy,1382809500000,8,293,-77.141378,true,32032,1388987865008,39.076331,false,,true
10,1389028850120,false,Piccard & W Gude Dr,1382795700000,9,294,-77.177091,true,32033,1388956557184,39.102212,false,,true
9,1389028944523,false,Ripley & Bonifant St,1383141360000,6,295,-77.029457,true,32034,1388987866261,38.992679,false,,true
4,1389028867573,false,Georgia Ave & Spring St,1383146520000,7,296,-77.031555,true,32035,1388920953409,38.999388,false,,true
6,1389028954185,false,Fenton St & Ellsworth Dr ,1383135960000,9,297,-77.025608,true,32036,1388921348207,38.997033,false,,true
7,1389028897407,false,King Farm Blvd & Pleasant Dr,1383323580000,11,298,-77.171487,true,32037,1388987873989,39.114688,false,,true
8,1389028983618,false,King Farm Blvd & Piccard Dr,1383318120000,7,299,-77.182669,true,32038,1388987875100,39.110314,false,,true
6,1389028842947,false,Calvert St & Woodley Pl NW,1383657120000,13,301,-77.050046,true,31121,1389024830117,38.923583,false,,true
11,1389028906861,false,New Jersey Ave & N St NW/Dunbar HS,1383662880000,8,302,-77.015231,true,31636,1389019396847,38.90706,false,,true
4,1389028846492,false,Nannie Helen Burroughs Ave & 49th St NE,1383923280000,7,303,-76.931862,true,31710,1388987868138,38.898536,false,,true
5,1389028917433,false,Deanwood Rec Center,1383923280000,10,304,-76.933099,true,31711,1388901373107,38.908473,false,,true
9,1389028770133,false,Hains Point/Buckeye & Ohio Dr SW,1383929160000,8,305,-77.03023,true,31273,1389006950887,38.878433,false,,true
4,1389028897169,false,Arlington Blvd & Fillmore St,1384527780000,7,306,-77.089233,true,31070,1388967779788,38.873755,false,,true
8,1389028920329,false,Long Bridge Park/Long Bridge Dr & 6th St S,1384520760000,7,307,-77.04826,true,31071,1388987866243,38.86646,false,,true
8,1389028896292,false,Old Georgetown Rd & Southwick St,1384367940000,9,308,-77.109647,true,32039,1389020443368,38.999634,false,,true
8,1389028876440,false,Friendship Blvd & Willard Ave,1384355760000,10,309,-77.088659,true,32040,1389027204543,38.96115,false,,true
7,1389028978732,false,North Capitol St & G Pl NE,1386954360000,12,310,-77.008911,true,31637,1389025281226,38.899703,false,,true
3,1389028783739,false,31st & Woodrow St S,1387298640000,8,311,-77.09482,true,31072,1388987874158,38.837666,false,,true
7,1389028877909,false,Washington Blvd & Walter Reed Dr ,1387287180000,8,312,-77.082104,true,31073,1388987872037,38.873219,false,,true
4,1389028820524,false,Thomas Jefferson Cmty Ctr / 2nd St S & Ivy,1386774900000,7,313,-77.093586,true,31074,1389017365216,38.869675,false,,true
7,1389028789604,false,Connecticut Ave & Tilden St NW,1386954480000,8,314,-77.062036,true,31313,1388987873856,38.941154,false,,true
